id,name,dna_sequence
SEQ001,Example coding sequence,ATGGCCATTGTAATGGGCCGCTGAAAGGGTGCCCGATAG
SEQ002,Short protein example,ATGAAATTTGGGCCCTAA
SEQ003,High GC sequence,ATGGCGGCGGCCGCGTGA
SEQ004,Invalid sequence example,ATGGCXATTGTA
SEQ005,Low GC coding sequence,ATGAAATTTAAATTTGGGAAATAA
SEQ006,Medium GC coding sequence,ATGACCGTTGACGCTGCTAAATAG
SEQ007,Multiple start codon sequence,ATGCCCATGAAAGGGTTTCCCTGA
SEQ008,Early stop codon sequence,ATGAAATAAGGGCCCATGTTTTAG
SEQ009,No stop codon sequence,ATGGCTGCTGCTAAACCCGGGTTT
SEQ010,Longer coding sequence,ATGGACTTTGACGCTAAAGGTCCTGTTGACGAGTAA
SEQ011,Alanine rich sequence,ATGGCTGCCGCAGCGGCTGCGTGA
SEQ012,Methionine rich sequence,ATGATGATGATGCCCGGGTAA
SEQ013,Balanced base sequence,ATGACGTACGTTAGCGATCGTAA
SEQ014,GC rich ORF sequence,ATGGCCGCGGCGCCGGGCGCGTGA
